role,title,url
SQL Developer,SQL Developer Internship in Mira Bhayandar,https://www.linkedin.com/jobs/view/4464065337/?eBP=NOT_ELIGIBLE_FOR_CHARGING&refId=PGTiHpH1Bz63WjZfE0XM2g%3D%3D&trackingId=1CoDbAs9BGTWcTy1qPfNqg%3D%3D&trk=flagship3_search_srp_jobs
SQL Developer,SQL Developer,https://www.linkedin.com/jobs/view/4401393474/?eBP=NOT_ELIGIBLE_FOR_CHARGING&refId=PGTiHpH1Bz63WjZfE0XM2g%3D%3D&trackingId=IsXF2FQhnVD2pKagAM46KA%3D%3D&trk=flagship3_search_srp_jobs
SQL Developer,SQL Database Developer,https://www.linkedin.com/jobs/view/4405864435/?eBP=NOT_ELIGIBLE_FOR_CHARGING&refId=PGTiHpH1Bz63WjZfE0XM2g%3D%3D&trackingId=ItXN9127yk9EwpGpYmiTKw%3D%3D&trk=flagship3_search_srp_jobs
SQL Developer,Funic Tech - SQL Developer,https://www.linkedin.com/jobs/view/4430765759/?eBP=NOT_ELIGIBLE_FOR_CHARGING&refId=PGTiHpH1Bz63WjZfE0XM2g%3D%3D&trackingId=qwp3%2Bea%2Bu3q%2B6Svl4XtMnA%3D%3D&trk=flagship3_search_srp_jobs
SQL Developer,PL/SQL Developer,https://www.linkedin.com/jobs/view/4306114568/?eBP=NOT_ELIGIBLE_FOR_CHARGING&refId=PGTiHpH1Bz63WjZfE0XM2g%3D%3D&trackingId=Kc5zIzjxZNH5OmxVIcDvkQ%3D%3D&trk=flagship3_search_srp_jobs
SQL Developer,PL/SQL Developer,https://www.linkedin.com/jobs/view/4315670524/?eBP=NOT_ELIGIBLE_FOR_CHARGING&refId=PGTiHpH1Bz63WjZfE0XM2g%3D%3D&trackingId=L%2BCGh6fj56UP7A9t4zro8A%3D%3D&trk=flagship3_search_srp_jobs
SQL Developer,ETL/SQL Developer(SJ-IQ),https://www.linkedin.com/jobs/view/4456378453/?eBP=NOT_ELIGIBLE_FOR_CHARGING&refId=PGTiHpH1Bz63WjZfE0XM2g%3D%3D&trackingId=fmvzZU7lPc%2FNxLhaFWICQQ%3D%3D&trk=flagship3_search_srp_jobs
SQL Developer,SQL Developer Internship in Mira Bhayandar,https://www.linkedin.com/jobs/view/4464065337/?alternateChannel=search&eBP=NOT_ELIGIBLE_FOR_CHARGING&refId=PGTiHpH1Bz63WjZfE0XM2g%3D%3D&trackingId=1CoDbAs9BGTWcTy1qPfNqg%3D%3D&trk=d_flagship3_search_srp_jobs
Data Analyst,Data Analyst,https://www.linkedin.com/jobs/view/4454797418/?eBP=NOT_ELIGIBLE_FOR_CHARGING&refId=rJCIG%2FuXP%2BTWJVGUWeJtIA%3D%3D&trackingId=T5ZJO49rGAh03g7IOV8Vjw%3D%3D&trk=flagship3_search_srp_jobs
Data Analyst,Data Analyst,https://www.linkedin.com/jobs/view/4463923093/?eBP=NOT_ELIGIBLE_FOR_CHARGING&refId=rJCIG%2FuXP%2BTWJVGUWeJtIA%3D%3D&trackingId=RuteuNC6oRf%2FNQ3O%2BMGfIQ%3D%3D&trk=flagship3_search_srp_jobs
Data Analyst,Data Analyst,https://www.linkedin.com/jobs/view/4449275023/?eBP=NOT_ELIGIBLE_FOR_CHARGING&refId=rJCIG%2FuXP%2BTWJVGUWeJtIA%3D%3D&trackingId=XBsXto569Q8La%2FcDg82RKg%3D%3D&trk=flagship3_search_srp_jobs
Data Analyst,Data Analyst,https://www.linkedin.com/jobs/view/4447792703/?eBP=NOT_ELIGIBLE_FOR_CHARGING&refId=rJCIG%2FuXP%2BTWJVGUWeJtIA%3D%3D&trackingId=aYRa7%2BvleoH6LOGz7jRdMA%3D%3D&trk=flagship3_search_srp_jobs
Data Analyst,Data Analyst,https://www.linkedin.com/jobs/view/4465673962/?eBP=NOT_ELIGIBLE_FOR_CHARGING&refId=rJCIG%2FuXP%2BTWJVGUWeJtIA%3D%3D&trackingId=FbOuSNQLndS9A6fngDYVaA%3D%3D&trk=flagship3_search_srp_jobs
Data Analyst,Data Analyst,https://www.linkedin.com/jobs/view/4464873103/?eBP=NOT_ELIGIBLE_FOR_CHARGING&refId=rJCIG%2FuXP%2BTWJVGUWeJtIA%3D%3D&trackingId=xIzGXFU%2FyeiwjUbuOQCOwA%3D%3D&trk=flagship3_search_srp_jobs
Data Analyst,Data Analyst,https://www.linkedin.com/jobs/view/4463245033/?eBP=NOT_ELIGIBLE_FOR_CHARGING&refId=rJCIG%2FuXP%2BTWJVGUWeJtIA%3D%3D&trackingId=1xI0yPbL5uTkxwr0fSbZXg%3D%3D&trk=flagship3_search_srp_jobs
Data Analyst,Data Analyst,https://www.linkedin.com/jobs/view/4454797418/?alternateChannel=search&eBP=NOT_ELIGIBLE_FOR_CHARGING&refId=rJCIG%2FuXP%2BTWJVGUWeJtIA%3D%3D&trackingId=T5ZJO49rGAh03g7IOV8Vjw%3D%3D&trk=d_flagship3_search_srp_jobs
Python Developer,Python developer,https://www.linkedin.com/jobs/view/4376645880/?eBP=NOT_ELIGIBLE_FOR_CHARGING&refId=oN7uJXOajcALBO91ad0hRw%3D%3D&trackingId=8raTOiE%2BTtQNRAcHiCrPSQ%3D%3D&trk=flagship3_search_srp_jobs
Python Developer,Jr. Python Developer,https://www.linkedin.com/jobs/view/4331755524/?eBP=NOT_ELIGIBLE_FOR_CHARGING&refId=oN7uJXOajcALBO91ad0hRw%3D%3D&trackingId=5dv9mFClDjBlNocSGpZjCg%3D%3D&trk=flagship3_search_srp_jobs
Python Developer,Python Developer,https://www.linkedin.com/jobs/view/4454979618/?eBP=NOT_ELIGIBLE_FOR_CHARGING&refId=oN7uJXOajcALBO91ad0hRw%3D%3D&trackingId=XkcOsUJekfO0QyNA9uODzg%3D%3D&trk=flagship3_search_srp_jobs
Python Developer,Python Developer,https://www.linkedin.com/jobs/view/4465485030/?eBP=NOT_ELIGIBLE_FOR_CHARGING&refId=oN7uJXOajcALBO91ad0hRw%3D%3D&trackingId=tWiBtsFmgLxzqAuxLGy8ew%3D%3D&trk=flagship3_search_srp_jobs
Python Developer,Junior Python Developer,https://www.linkedin.com/jobs/view/4458098310/?eBP=NOT_ELIGIBLE_FOR_CHARGING&refId=oN7uJXOajcALBO91ad0hRw%3D%3D&trackingId=bZB3B5wc%2BysvNlH3wY88Cw%3D%3D&trk=flagship3_search_srp_jobs
Python Developer,Python Developer,https://www.linkedin.com/jobs/view/4453443884/?eBP=NOT_ELIGIBLE_FOR_CHARGING&refId=oN7uJXOajcALBO91ad0hRw%3D%3D&trackingId=0b6tSBiiebyPI4RxcYfPNA%3D%3D&trk=flagship3_search_srp_jobs
Python Developer,Python Developers,https://www.linkedin.com/jobs/view/4404850202/?eBP=NOT_ELIGIBLE_FOR_CHARGING&refId=oN7uJXOajcALBO91ad0hRw%3D%3D&trackingId=zo%2FwaqZUYjkoAnp%2B0L2pPw%3D%3D&trk=flagship3_search_srp_jobs
Python Developer,Python developer,https://www.linkedin.com/jobs/view/4376645880/?alternateChannel=search&eBP=NOT_ELIGIBLE_FOR_CHARGING&refId=oN7uJXOajcALBO91ad0hRw%3D%3D&trackingId=8raTOiE%2BTtQNRAcHiCrPSQ%3D%3D&trk=d_flagship3_search_srp_jobs
AI Engineer,AI Engineer,https://www.linkedin.com/jobs/view/4466475795/?eBP=NOT_ELIGIBLE_FOR_CHARGING&refId=ob2uaIiODMkbjJ8UHQUnbg%3D%3D&trackingId=UaVjBM7pOMET8yW53%2F62Jw%3D%3D&trk=flagship3_search_srp_jobs
AI Engineer,Machine Learning Engineer,https://www.linkedin.com/jobs/view/4466786913/?eBP=NOT_ELIGIBLE_FOR_CHARGING&refId=ob2uaIiODMkbjJ8UHQUnbg%3D%3D&trackingId=q95zhnxiXuQjAUDqRu%2FRdA%3D%3D&trk=flagship3_search_srp_jobs
AI Engineer,AI or ML Engineer,https://www.linkedin.com/jobs/view/4466447402/?eBP=NOT_ELIGIBLE_FOR_CHARGING&refId=ob2uaIiODMkbjJ8UHQUnbg%3D%3D&trackingId=jdGn0SC0v8I%2BuVFQUYkAvg%3D%3D&trk=flagship3_search_srp_jobs
AI Engineer,AI Engineer,https://www.linkedin.com/jobs/view/4464782433/?eBP=NOT_ELIGIBLE_FOR_CHARGING&refId=ob2uaIiODMkbjJ8UHQUnbg%3D%3D&trackingId=Hvv8t%2BjUF%2B1a3Cz1sSzctQ%3D%3D&trk=flagship3_search_srp_jobs
AI Engineer,AI Agent Engineer Intern,https://www.linkedin.com/jobs/view/4458640948/?eBP=NOT_ELIGIBLE_FOR_CHARGING&refId=ob2uaIiODMkbjJ8UHQUnbg%3D%3D&trackingId=WL85sBAstWwbTuU0ifrrkg%3D%3D&trk=flagship3_search_srp_jobs
AI Engineer,AI Engineer,https://www.linkedin.com/jobs/view/4465475213/?eBP=NOT_ELIGIBLE_FOR_CHARGING&refId=ob2uaIiODMkbjJ8UHQUnbg%3D%3D&trackingId=iHHK9HU7DAfGztqAlNcmKw%3D%3D&trk=flagship3_search_srp_jobs
AI Engineer,AI/ML Engineer Intern,https://www.linkedin.com/jobs/view/4448057557/?eBP=NOT_ELIGIBLE_FOR_CHARGING&refId=ob2uaIiODMkbjJ8UHQUnbg%3D%3D&trackingId=NHf62VrHlB38LJOVBdw8oA%3D%3D&trk=flagship3_search_srp_jobs
AI Engineer,AI Engineer,https://www.linkedin.com/jobs/view/4466475795/?alternateChannel=search&eBP=NOT_ELIGIBLE_FOR_CHARGING&refId=ob2uaIiODMkbjJ8UHQUnbg%3D%3D&trackingId=UaVjBM7pOMET8yW53%2F62Jw%3D%3D&trk=d_flagship3_search_srp_jobs
Machine Learning Engineer,AI/Machine Learning Engineer,https://www.linkedin.com/jobs/view/4414150953/?eBP=NOT_ELIGIBLE_FOR_CHARGING&refId=vS9ls7SxGiHJ4yKBZjHT9g%3D%3D&trackingId=nJAwDduqBUJG5xapC40RFg%3D%3D&trk=flagship3_search_srp_jobs
Machine Learning Engineer,AI/ML Engineer,https://www.linkedin.com/jobs/view/4457461702/?eBP=NOT_ELIGIBLE_FOR_CHARGING&refId=vS9ls7SxGiHJ4yKBZjHT9g%3D%3D&trackingId=QGtvCYsBW%2Fdrz4WXQKoVqQ%3D%3D&trk=flagship3_search_srp_jobs
Machine Learning Engineer,Machine Learning Engineer,https://www.linkedin.com/jobs/view/4466786913/?eBP=NOT_ELIGIBLE_FOR_CHARGING&refId=vS9ls7SxGiHJ4yKBZjHT9g%3D%3D&trackingId=C%2B7O5S9eMoOGkCWFWRLvbw%3D%3D&trk=flagship3_search_srp_jobs
Machine Learning Engineer,Junior Lead ML Engineer - Computer Vision,https://www.linkedin.com/jobs/view/4451861244/?eBP=NOT_ELIGIBLE_FOR_CHARGING&refId=vS9ls7SxGiHJ4yKBZjHT9g%3D%3D&trackingId=JNmBQfQJhqV%2FtwLc8Cfjnw%3D%3D&trk=flagship3_search_srp_jobs
Machine Learning Engineer,AI/ML Engineer,https://www.linkedin.com/jobs/view/4441826285/?eBP=NOT_ELIGIBLE_FOR_CHARGING&refId=vS9ls7SxGiHJ4yKBZjHT9g%3D%3D&trackingId=sk4ax62mmiJqk8rbB2bPQg%3D%3D&trk=flagship3_search_srp_jobs
Machine Learning Engineer,Machine Learning Engineer | Remote,https://www.linkedin.com/jobs/view/4465421415/?eBP=NOT_ELIGIBLE_FOR_CHARGING&refId=vS9ls7SxGiHJ4yKBZjHT9g%3D%3D&trackingId=ZtVEk67%2B7Id1vNre23NKTQ%3D%3D&trk=flagship3_search_srp_jobs
Machine Learning Engineer,AI or ML Engineer,https://www.linkedin.com/jobs/view/4466447402/?eBP=NOT_ELIGIBLE_FOR_CHARGING&refId=vS9ls7SxGiHJ4yKBZjHT9g%3D%3D&trackingId=tL%2FQNxj71OILgFBQpCSh4Q%3D%3D&trk=flagship3_search_srp_jobs
Machine Learning Engineer,AI/Machine Learning Engineer,https://www.linkedin.com/jobs/view/4414150953/?alternateChannel=search&eBP=NOT_ELIGIBLE_FOR_CHARGING&refId=vS9ls7SxGiHJ4yKBZjHT9g%3D%3D&trackingId=nJAwDduqBUJG5xapC40RFg%3D%3D&trk=d_flagship3_search_srp_jobs
Data Scientist,Data Analyst / Data Scientist,https://www.linkedin.com/jobs/view/4412447975/?eBP=NOT_ELIGIBLE_FOR_CHARGING&refId=F4Tw8TeEN7tkJyMd0Icxaw%3D%3D&trackingId=Wd6t2SDatTZQ48kpfw5NFw%3D%3D&trk=flagship3_search_srp_jobs
Data Scientist,Staff Data Scientist,https://www.linkedin.com/jobs/view/4461842243/?eBP=NOT_ELIGIBLE_FOR_CHARGING&refId=F4Tw8TeEN7tkJyMd0Icxaw%3D%3D&trackingId=%2F%2F0Nprm0Gtk%2B%2FeofkDTuwg%3D%3D&trk=flagship3_search_srp_jobs
Data Scientist,Junior Data Scientist- Computer Vision,https://www.linkedin.com/jobs/view/4432907884/?eBP=NOT_ELIGIBLE_FOR_CHARGING&refId=F4Tw8TeEN7tkJyMd0Icxaw%3D%3D&trackingId=0sWvBk51Gpa5NCgxufzK%2Bw%3D%3D&trk=flagship3_search_srp_jobs
Data Scientist,"Data Scientist, GTM",https://www.linkedin.com/jobs/view/4461997655/?eBP=NOT_ELIGIBLE_FOR_CHARGING&refId=F4Tw8TeEN7tkJyMd0Icxaw%3D%3D&trackingId=l6o%2B2U1wjmT86Jv5P7VXQg%3D%3D&trk=flagship3_search_srp_jobs
Data Scientist,Data Scientist,https://www.linkedin.com/jobs/view/4439824479/?eBP=NOT_ELIGIBLE_FOR_CHARGING&refId=F4Tw8TeEN7tkJyMd0Icxaw%3D%3D&trackingId=%2F3Tde6Z2m5pcUjhQiRNF3A%3D%3D&trk=flagship3_search_srp_jobs
Data Scientist,Data Scientist,https://www.linkedin.com/jobs/view/4448600867/?eBP=NOT_ELIGIBLE_FOR_CHARGING&refId=F4Tw8TeEN7tkJyMd0Icxaw%3D%3D&trackingId=b0k%2Bc9Ha0LcRR6vOX6VYrg%3D%3D&trk=flagship3_search_srp_jobs
Data Scientist,AI/ML Engineer Intern,https://www.linkedin.com/jobs/view/4446760163/?eBP=NOT_ELIGIBLE_FOR_CHARGING&refId=F4Tw8TeEN7tkJyMd0Icxaw%3D%3D&trackingId=tT9NGd1DoRAiEJwOTOqXFQ%3D%3D&trk=flagship3_search_srp_jobs
Data Scientist,Data Analyst / Data Scientist,https://www.linkedin.com/jobs/view/4412447975/?alternateChannel=search&eBP=NOT_ELIGIBLE_FOR_CHARGING&refId=F4Tw8TeEN7tkJyMd0Icxaw%3D%3D&trackingId=Wd6t2SDatTZQ48kpfw5NFw%3D%3D&trk=d_flagship3_search_srp_jobs
