title,linkedin_url,apply_url,form_type
SQL Developer Internship in Mira Bhayandar,https://www.linkedin.com/jobs/view/4464065337/?eBP=NOT_ELIGIBLE_FOR_CHARGING&refId=PGTiHpH1Bz63WjZfE0XM2g%3D%3D&trackingId=1CoDbAs9BGTWcTy1qPfNqg%3D%3D&trk=flagship3_search_srp_jobs,https://internshala.com/internship/detail/sql-developer-internship-in-mira-bhayandar-at-caresoft-consultancy-private-limited1788702533/?utm_campaign=linkedin_d2002&utm_source=Linkedin_Partnership,other
SQL Developer,https://www.linkedin.com/jobs/view/4401393474/?eBP=NOT_ELIGIBLE_FOR_CHARGING&refId=PGTiHpH1Bz63WjZfE0XM2g%3D%3D&trackingId=IsXF2FQhnVD2pKagAM46KA%3D%3D&trk=flagship3_search_srp_jobs,https://cloudsmartz.com/career/sql-developer/,other
SQL Database Developer,https://www.linkedin.com/jobs/view/4405864435/?eBP=NOT_ELIGIBLE_FOR_CHARGING&refId=PGTiHpH1Bz63WjZfE0XM2g%3D%3D&trackingId=ItXN9127yk9EwpGpYmiTKw%3D%3D&trk=flagship3_search_srp_jobs,https://unicorninfotech.com/jobs/sql-database-developer/,other
Funic Tech - SQL Developer,https://www.linkedin.com/jobs/view/4430765759/?eBP=NOT_ELIGIBLE_FOR_CHARGING&refId=PGTiHpH1Bz63WjZfE0XM2g%3D%3D&trackingId=qwp3%2Bea%2Bu3q%2B6Svl4XtMnA%3D%3D&trk=flagship3_search_srp_jobs,https://www.linkedin.com/jobs/view/4430765759/?eBP=NOT_ELIGIBLE_FOR_CHARGING&trk=flagship3_search_srp_jobs&refId=PGTiHpH1Bz63WjZfE0XM2g%3D%3D&trackingId=qwp3%2Bea%2Bu3q%2B6Svl4XtMnA%3D%3D,easy_apply
PL/SQL Developer,https://www.linkedin.com/jobs/view/4306114568/?eBP=NOT_ELIGIBLE_FOR_CHARGING&refId=PGTiHpH1Bz63WjZfE0XM2g%3D%3D&trackingId=Kc5zIzjxZNH5OmxVIcDvkQ%3D%3D&trk=flagship3_search_srp_jobs,https://cutshort.io/job/PL-SQL-Developer-Navi-Mumbai-Galentic-Technologies-2ow9cqEc?utm_source=linkedin-feed&utm_medium=xml&utm_content=job-posting&applicationsource=linkedin-feed,other
PL/SQL Developer,https://www.linkedin.com/jobs/view/4315670524/?eBP=NOT_ELIGIBLE_FOR_CHARGING&refId=PGTiHpH1Bz63WjZfE0XM2g%3D%3D&trackingId=L%2BCGh6fj56UP7A9t4zro8A%3D%3D&trk=flagship3_search_srp_jobs,https://www.linkedin.com/jobs/view/4315670524/?eBP=NOT_ELIGIBLE_FOR_CHARGING&trk=flagship3_search_srp_jobs&refId=PGTiHpH1Bz63WjZfE0XM2g%3D%3D&trackingId=L%2BCGh6fj56UP7A9t4zro8A%3D%3D,easy_apply
ETL/SQL Developer(SJ-IQ),https://www.linkedin.com/jobs/view/4456378453/?eBP=NOT_ELIGIBLE_FOR_CHARGING&refId=PGTiHpH1Bz63WjZfE0XM2g%3D%3D&trackingId=fmvzZU7lPc%2FNxLhaFWICQQ%3D%3D&trk=flagship3_search_srp_jobs,https://recruitcareers.zappyhire.com/sementor/apply?source=1000&company=1&job=452,other
Data Analyst,https://www.linkedin.com/jobs/view/4454797418/?eBP=NOT_ELIGIBLE_FOR_CHARGING&refId=rJCIG%2FuXP%2BTWJVGUWeJtIA%3D%3D&trackingId=T5ZJO49rGAh03g7IOV8Vjw%3D%3D&trk=flagship3_search_srp_jobs,https://www.linkedin.com/jobs/view/4454797418/?eBP=NOT_ELIGIBLE_FOR_CHARGING&trk=flagship3_search_srp_jobs&refId=rJCIG%2FuXP%2BTWJVGUWeJtIA%3D%3D&trackingId=T5ZJO49rGAh03g7IOV8Vjw%3D%3D,easy_apply
Data Analyst,https://www.linkedin.com/jobs/view/4463923093/?eBP=NOT_ELIGIBLE_FOR_CHARGING&refId=rJCIG%2FuXP%2BTWJVGUWeJtIA%3D%3D&trackingId=RuteuNC6oRf%2FNQ3O%2BMGfIQ%3D%3D&trk=flagship3_search_srp_jobs,https://search.jobs.barclays/job/-/-/13015/100442629008?src=JB-12860,other
Data Analyst,https://www.linkedin.com/jobs/view/4449275023/?eBP=NOT_ELIGIBLE_FOR_CHARGING&refId=rJCIG%2FuXP%2BTWJVGUWeJtIA%3D%3D&trackingId=XBsXto569Q8La%2FcDg82RKg%3D%3D&trk=flagship3_search_srp_jobs,https://seternitysolutions.com/career/data-analyst,other
Data Analyst,https://www.linkedin.com/jobs/view/4447792703/?eBP=NOT_ELIGIBLE_FOR_CHARGING&refId=rJCIG%2FuXP%2BTWJVGUWeJtIA%3D%3D&trackingId=aYRa7%2BvleoH6LOGz7jRdMA%3D%3D&trk=flagship3_search_srp_jobs,https://spillbox.in/careers/data-analyst,other
Data Analyst,https://www.linkedin.com/jobs/view/4465673962/?eBP=NOT_ELIGIBLE_FOR_CHARGING&refId=rJCIG%2FuXP%2BTWJVGUWeJtIA%3D%3D&trackingId=FbOuSNQLndS9A6fngDYVaA%3D%3D&trk=flagship3_search_srp_jobs,https://www.linkedin.com/jobs/view/4465673962/?eBP=NOT_ELIGIBLE_FOR_CHARGING&trk=flagship3_search_srp_jobs&refId=rJCIG%2FuXP%2BTWJVGUWeJtIA%3D%3D&trackingId=FbOuSNQLndS9A6fngDYVaA%3D%3D,easy_apply
Data Analyst,https://www.linkedin.com/jobs/view/4464873103/?eBP=NOT_ELIGIBLE_FOR_CHARGING&refId=rJCIG%2FuXP%2BTWJVGUWeJtIA%3D%3D&trackingId=xIzGXFU%2FyeiwjUbuOQCOwA%3D%3D&trk=flagship3_search_srp_jobs,https://jobs.pyjamahr.com/rekruton-technologies/data-analyst/apply?source=LINKEDIN,other
Data Analyst,https://www.linkedin.com/jobs/view/4463245033/?eBP=NOT_ELIGIBLE_FOR_CHARGING&refId=rJCIG%2FuXP%2BTWJVGUWeJtIA%3D%3D&trackingId=1xI0yPbL5uTkxwr0fSbZXg%3D%3D&trk=flagship3_search_srp_jobs,https://www.linkedin.com/jobs/view/4463245033/?eBP=NOT_ELIGIBLE_FOR_CHARGING&trk=flagship3_search_srp_jobs&refId=rJCIG%2FuXP%2BTWJVGUWeJtIA%3D%3D&trackingId=1xI0yPbL5uTkxwr0fSbZXg%3D%3D,easy_apply
Data Analyst,https://www.linkedin.com/jobs/view/4454797418/?alternateChannel=search&eBP=NOT_ELIGIBLE_FOR_CHARGING&refId=rJCIG%2FuXP%2BTWJVGUWeJtIA%3D%3D&trackingId=T5ZJO49rGAh03g7IOV8Vjw%3D%3D&trk=d_flagship3_search_srp_jobs,https://www.linkedin.com/jobs/view/4454797418/?alternateChannel=search&eBP=NOT_ELIGIBLE_FOR_CHARGING&trk=d_flagship3_search_srp_jobs&refId=rJCIG%2FuXP%2BTWJVGUWeJtIA%3D%3D&trackingId=T5ZJO49rGAh03g7IOV8Vjw%3D%3D,easy_apply
Python developer,https://www.linkedin.com/jobs/view/4376645880/?eBP=NOT_ELIGIBLE_FOR_CHARGING&refId=oN7uJXOajcALBO91ad0hRw%3D%3D&trackingId=8raTOiE%2BTtQNRAcHiCrPSQ%3D%3D&trk=flagship3_search_srp_jobs,https://cutshort.io/job/Python-developer-Bengaluru-Bangalore-OneFin-8KFOgeCX?utm_source=linkedin-feed&utm_medium=xml&utm_content=job-posting&applicationsource=linkedin-feed,other
Jr. Python Developer,https://www.linkedin.com/jobs/view/4331755524/?eBP=NOT_ELIGIBLE_FOR_CHARGING&refId=oN7uJXOajcALBO91ad0hRw%3D%3D&trackingId=5dv9mFClDjBlNocSGpZjCg%3D%3D&trk=flagship3_search_srp_jobs,https://baartechnologies.com/jobs/python-developer/,other
Python Developer,https://www.linkedin.com/jobs/view/4454979618/?eBP=NOT_ELIGIBLE_FOR_CHARGING&refId=oN7uJXOajcALBO91ad0hRw%3D%3D&trackingId=XkcOsUJekfO0QyNA9uODzg%3D%3D&trk=flagship3_search_srp_jobs,https://ve3.zohorecruit.in/jobs/Careers/80399000018432229/Python-Developer?source=LinkedIn-Basic&embedsource=LinkedIn%2BLimited%2BListings,other
Python Developer,https://www.linkedin.com/jobs/view/4465485030/?eBP=NOT_ELIGIBLE_FOR_CHARGING&refId=oN7uJXOajcALBO91ad0hRw%3D%3D&trackingId=tWiBtsFmgLxzqAuxLGy8ew%3D%3D&trk=flagship3_search_srp_jobs,https://www.linkedin.com/jobs/view/4465485030/?eBP=NOT_ELIGIBLE_FOR_CHARGING&trk=flagship3_search_srp_jobs&refId=oN7uJXOajcALBO91ad0hRw%3D%3D&trackingId=tWiBtsFmgLxzqAuxLGy8ew%3D%3D,easy_apply
Junior Python Developer,https://www.linkedin.com/jobs/view/4458098310/?eBP=NOT_ELIGIBLE_FOR_CHARGING&refId=oN7uJXOajcALBO91ad0hRw%3D%3D&trackingId=bZB3B5wc%2BysvNlH3wY88Cw%3D%3D&trk=flagship3_search_srp_jobs,https://cuculus-gmbh.jobs.personio.com/job/2773015?display=en&language=en&pid=e1f58d14-8b85-4109-8409-d4519a547ae9&it=f4BDsWPnNQk0fh9wQ11dag&_ghcid=71e67ea4-f328-4404-ad0c-95e7b0e31743#apply,other
Python Developer,https://www.linkedin.com/jobs/view/4453443884/?eBP=NOT_ELIGIBLE_FOR_CHARGING&refId=oN7uJXOajcALBO91ad0hRw%3D%3D&trackingId=0b6tSBiiebyPI4RxcYfPNA%3D%3D&trk=flagship3_search_srp_jobs,https://cutshort.io/job/Python-Developer-Bengaluru-Bangalore-Hyderabad-Indium-Software-BXjCXsrT?utm_source=linkedin-feed&utm_medium=xml&utm_content=job-posting&applicationsource=linkedin-feed,other
Python Developers,https://www.linkedin.com/jobs/view/4404850202/?eBP=NOT_ELIGIBLE_FOR_CHARGING&refId=oN7uJXOajcALBO91ad0hRw%3D%3D&trackingId=zo%2FwaqZUYjkoAnp%2B0L2pPw%3D%3D&trk=flagship3_search_srp_jobs,https://www.aegissoftwares.com/careers/python-developer-jobs-in-ahmedabad.html,other
